Workbook

Sheet 2017OP + LE
G2: 1Q | Q2: 2Q | AA2: 3Q | AK2: 4Q
G4: 1Q OP $ | L4: 1Q Act $ | Q4: 2Q OP $ | V4: 2Q QMI $ | AA4: 3Q OP $ | AF4: Q3 LE | AK4: 4Q OP $ | AP4: Q4 LE | AU4: TOTAL 2017 OP | AZ4: TOTAL 2017 LE
C5: ORACLE | D5: PM | E5: PROGRAM NAME | G5: Labor | H5: Hours | I5: Direct | J5: Total | L5: Labor | M5: Hours | N5: Direct | O5: Total | Q5: Labor $ | R5: Hours | S5: Direct $ | T5: Total $ | V5: Labor $ | W5: Hours | X5: Direct $ | Y5: Total $ | AA5: Labor $ | AB5: Hours | AC5: Direct $ | AD5: Total $ | AF5: Labor $ | AG5: Hours | AH5: Direct $ | AI5: Total $ | AK5: Labor $ | AL5: Hours | AM5: Direct $ | AN5: Total $ | AP5: Labor $ | AQ5: Hours | AR5: Direct $ | AS5: Total $ | AU5: Labor $ | AV5: Hours | AW5: Direct $ | AX5: Total $ | AZ5: Labor $ | BA5: Hours | BB5: Direct $ | BC5: Total $
B6: ROW | C6: 98918 | D6: Kirton P. | E6: R153 - HP/LD Development | G6: 27.546338 | H6: 332.6 | I6: 66.802592 | J6: =G6+I6 -> 94.34893 | L6: 135.89869 | M6: 1584.23 | N6: 0.79610832 | O6: =L6+N6 -> 136.6948 | Q6: 37.187557 | R6: 449.01 | S6: 66.802592 | T6: =Q6+S6 -> 103.99015 | V6: =W6*[1]FX!$K$4/1000 -> 124.23183 | W6: 1500 | X6: 30 | Y6: =V6+X6 -> 154.23183 | AA6: =(AB6*FX!$J$4)/1000 -> 44.074141 | AB6: 532.16 | AC6: 66.802592 | AD6: =AA6+AC6 -> 110.87673 | AF6: =(AG6*FX!$J$4)/1000 -> 44.074141 | AG6: 532.16 | AH6: 66.802592 | AI6: =AF6+AH6 -> 110.87673 | AK6: =(AL6*FX!$J$4)/1000 -> 28.923655 | AL6: 349.23 | AM6: 5.8935008 | AN6: =AK6+AM6 -> 34.817156 | AP6: =(AQ6*FX!$J$4)/1000 -> 28.923655 | AQ6: 349.23 | AR6: 5.8935008 | AS6: =AP6+AR6 -> 34.817156 | AU6: =G6+Q6+AA6+AK6 -> 137.73169 | AV6: =H6+R6+AB6+AL6 -> 1663 | AW6: =I6+S6+AC6+AM6 -> 206.30128 | AX6: =AU6+AW6 -> 344.03297 | AZ6: =AP6+AF6+V6+L6 -> 333.12832 | BA6: =AQ6+AG6+W6+M6 -> 3965.62 | BB6: =AR6+AH6+X6+N6 -> 103.4922 | BC6: =AZ6+BB6 -> 436.62052
C7: 98919 | D7: Kirton P. | E7: R160 - PVDF Micro-Crazing | G7: 61.912176 | H7: 747.54 | I7: 31.518751 | J7: =G7+I7 -> 93.430928 | L7: 0 | M7: 866.84 | N7: 47.131348 | O7: =L7+N7 -> 47.131348 | Q7: 83.581438 | R7: 1009.179 | S7: 122.88239 | T7: =Q7+S7 -> 206.46383 | V7: =W7*[1]FX!$K$4/1000 -> 64.931838 | W7: 784 | X7: 30 | Y7: =V7+X7 -> 94.931838 | AA7: =(AB7*FX!$J$4)/1000 -> 99.059482 | AB7: 1196.064 | AC7: 122.88239 | AD7: =AA7+AC7 -> 221.94187 | AF7: =(AG7*FX!$J$4)/1000 -> 99.059482 | AG7: 1196.064 | AH7: 122.88239 | AI7: =AF7+AH7 -> 221.94187 | AK7: =(AL7*FX!$J$4)/1000 -> 65.007785 | AL7: 784.917 | AM7: 122.88239 | AN7: =AK7+AM7 -> 187.89017 | AP7: =(AQ7*FX!$J$4)/1000 -> 65.007785 | AQ7: 784.917 | AR7: 122.88239 | AS7: =AP7+AR7 -> 187.89017 | AU7: =G7+Q7+AA7+AK7 -> 309.56088 | AV7: =H7+R7+AB7+AL7 -> 3737.7 | AW7: =I7+S7+AC7+AM7 -> 400.16591 | AX7: =AU7+AW7 -> 709.7268 | AZ7: =AP7+AF7+V7+L7 -> 228.9991 | BA7: =AQ7+AG7+W7+M7 -> 3631.821 | BB7: =AR7+AH7+X7+N7 -> 322.89612 | BC7: =AZ7+BB7 -> 551.89523
C8: 114197 | D8: Kirton P. | E8: R160-2 - CR1404 HTHP | G8: 18.932931 | H8: 228.6 | I8: 126.02113 | J8: =G8+I8 -> 144.95406 | L8: 44.595072 | M8: 520.73 | N8: 23.782568 | O8: =L8+N8 -> 68.37764 | Q8: 25.559457 | R8: 308.61 | S8: 126.02113 | T8: =Q8+S8 -> 151.58059 | V8: =W8*[1]FX!$K$4/1000 -> 37.26955 | W8: 450 | X8: 21.43 | Y8: =V8+X8 -> 58.69955 | AA8: =(AB8*FX!$J$4)/1000 -> 30.29269 | AB8: 365.76 | AC8: 4.0506743 | AD8: =AA8+AC8 -> 34.343364 | AF8: =(AG8*FX!$J$4)/1000 -> 30.29269 | AG8: 365.76 | AH8: 4.0506743 | AI8: =AF8+AH8 -> 34.343364 | AK8: =(AL8*FX!$J$4)/1000 -> 19.879578 | AL8: 240.03 | AM8: 4.0506743 | AN8: =AK8+AM8 -> 23.930252 | AP8: =(AQ8*FX!$J$4)/1000 -> 19.879578 | AQ8: 240.03 | AR8: 4.0506743 | AS8: =AP8+AR8 -> 23.930252 | AU8: =G8+Q8+AA8+AK8 -> 94.664657 | AV8: =H8+R8+AB8+AL8 -> 1143 | AW8: =I8+S8+AC8+AM8 -> 260.14361 | AX8: =AU8+AW8 -> 354.80826 | AZ8: =AP8+AF8+V8+L8 -> 132.03689 | BA8: =AQ8+AG8+W8+M8 -> 1576.52 | BB8: =AR8+AH8+X8+N8 -> 53.313916 | BC8: =AZ8+BB8 -> 185.35081
C9: 104627 | D9: Kirton P. | E9: R180 - HPLD DW | G9: 67.134882 | H9: 810.6 | I9: 105.72705 | J9: =G9+I9 -> 172.86193 | L9: 41.480022 | M9: 574.92 | N9: -30.093706 | O9: =L9+N9 -> 11.386316 | Q9: 90.632091 | R9: 1094.31 | S9: 233.63614 | T9: =Q9+S9 -> 324.26823 | V9: =W9*[1]FX!$K$4/1000 -> 53.585331 | W9: 647 | X9: 0 | Y9: =V9+X9 -> 53.585331 | AA9: =(AB9*FX!$J$4)/1000 -> 107.41581 | AB9: 1296.96 | AC9: 290.2816 | AD9: =AA9+AC9 -> 397.69741 | AF9: =(AG9*FX!$J$4)/1000 -> 107.41581 | AG9: 1296.96 | AH9: 290.2816 | AI9: =AF9+AH9 -> 397.69741 | AK9: =(AL9*FX!$J$4)/1000 -> 70.491627 | AL9: 851.13 | AM9: 14.363415 | AN9: =AK9+AM9 -> 84.855041 | AP9: =(AQ9*FX!$J$4)/1000 -> 70.491627 | AQ9: 851.13 | AR9: 14.363415 | AS9: =AP9+AR9 -> 84.855041 | AU9: =G9+Q9+AA9+AK9 -> 335.67441 | AV9: =H9+R9+AB9+AL9 -> 4053 | AW9: =I9+S9+AC9+AM9 -> 644.0082 | AX9: =AU9+AW9 -> 979.68262 | AZ9: =AP9+AF9+V9+L9 -> 272.97279 | BA9: =AQ9+AG9+W9+M9 -> 3370.01 | BB9: =AR9+AH9+X9+N9 -> 274.55131 | BC9: =AZ9+BB9 -> 547.5241
C10: 107026 | D10: Kirton P. | E10: R181 - HP DW | G10: 66.472313 | H10: 802.6 | I10: 195.12166 | J10: =G10+I10 -> 261.59397 | L10: 86.127067 | M10: 1115.88 | N10: 246.66104 | O10: =L10+N10 -> 332.78811 | Q10: 89.737622 | R10: 1083.51 | S10: 176.81357 | T10: =Q10+S10 -> 266.5512 | V10: =W10*[1]FX!$K$4/1000 -> 66.836726 | W10: 807 | X10: 2 | Y10: =V10+X10 -> 68.836726 | AA10: =(AB10*FX!$J$4)/1000 -> 106.3557 | AB10: 1284.16 | AC10: 14.221659 | AD10: =AA10+AC10 -> 120.57736 | AF10: =(AG10*FX!$J$4)/1000 -> 106.3557 | AG10: 1284.16 | AH10: 14.221659 | AI10: =AF10+AH10 -> 120.57736 | AK10: =(AL10*FX!$J$4)/1000 -> 69.795928 | AL10: 842.73 | AM10: 14.221659 | AN10: =AK10+AM10 -> 84.017587 | AP10: =(AQ10*FX!$J$4)/1000 -> 69.795928 | AQ10: 842.73 | AR10: 14.221659 | AS10: =AP10+AR10 -> 84.017587 | AU10: =G10+Q10+AA10+AK10 -> 332.36156 | AV10: =H10+R10+AB10+AL10 -> 4013 | AW10: =I10+S10+AC10+AM10 -> 400.37855 | AX10: =AU10+AW10 -> 732.74011 | AZ10: =AP10+AF10+V10+L10 -> 329.11542 | BA10: =AQ10+AG10+W10+M10 -> 4049.77 | BB10: =AR10+AH10+X10+N10 -> 277.10436 | BC10: =AZ10+BB10 -> 606.21978
C11: 98925 | D11: Latto J. | E11: R168 - PVDF Single Layer Qual. | G11: 73.280217 | H11: 884.8 | I11: 209.82593 | J11: =G11+I11 -> 283.10615 | L11: 130.39996 | M11: 1492.75 | N11: 320.13495 | O11: =L11+N11 -> 450.53491 | Q11: 98.928293 | R11: 1194.48 | S11: 209.82593 | T11: =Q11+S11 -> 308.75422 | V11: =W11*[1]FX!$K$4/1000 -> 98.928293 | W11: 1194.48 | X11: 210 | Y11: =V11+X11 -> 308.92829 | AA11: =(AB11*FX!$J$4)/1000 -> 117.24835 | AB11: 1415.68 | AC11: 186.98502 | AD11: =AA11+AC11 -> 304.23337 | AF11: =(AG11*FX!$J$4)/1000 -> 117.24835 | AG11: 1415.68 | AH11: =186.985018777265-45 -> 141.98502 | AI11: =AF11+AH11 -> 259.23337 | AK11: =(AL11*FX!$J$4)/1000 -> 76.944228 | AL11: 929.04 | AM11: 141.3032 | AN11: =AK11+AM11 -> 218.24743 | AP11: =(AQ11*FX!$J$4)/1000 -> 76.944228 | AQ11: 929.04 | AR11: 141.3032 | AS11: =AP11+AR11 -> 218.24743 | AU11: =G11+Q11+AA11+AK11 -> 366.40109 | AV11: =H11+R11+AB11+AL11 -> 4424 | AW11: =I11+S11+AC11+AM11 -> 747.94008 | AX11: =AU11+AW11 -> 1114.3412 | AZ11: =AP11+AF11+V11+L11 -> 423.52082 | BA11: =AQ11+AG11+W11+M11 -> 5031.95 | BB11: =AR11+AH11+X11+N11 -> 813.42317 | BC11: =AZ11+BB11 -> 1236.944
C12: 98923 | D12: Latto J. | E12: R166 - Composite Pipe Dev. | G12: 314.72064 | H12: 3800 | I12: 531.0045 | J12: =G12+I12 -> 845.72514 | L12: 282.53304 | M12: 3346.75 | N12: 533.92584 | O12: =L12+N12 -> 816.45888 | Q12: 424.87287 | R12: 5130 | S12: 531.0045 | T12: =Q12+S12 -> 955.87737 | V12: =W12*[1]FX!$K$4/1000 -> 306.43852 | W12: 3700 | X12: 560 | Y12: =V12+X12 -> 866.43852 | AA12: =(AB12*FX!$J$4)/1000 -> 503.55303 | AB12: 6080 | AC12: 476.18632 | AD12: =AA12+AC12 -> 979.73935 | AF12: =(AG12*FX!$J$4)/1000 -> 503.55303 | AG12: 6080 | AH12: 476.18632 | AI12: =AF12+AH12 -> 979.73935 | AK12: =(AL12*FX!$J$4)/1000 -> 330.45668 | AL12: 3990 | AM12: 439.64086 | AN12: =AK12+AM12 -> 770.09754 | AP12: =(AQ12*FX!$J$4)/1000 -> 330.45668 | AQ12: 3990 | AR12: 439.64086 | AS12: =AP12+AR12 -> 770.09754 | AU12: =G12+Q12+AA12+AK12 -> 1573.6032 | AV12: =H12+R12+AB12+AL12 -> 19000 | AW12: =I12+S12+AC12+AM12 -> 1977.8362 | AX12: =AU12+AW12 -> 3551.4394 | AZ12: =AP12+AF12+V12+L12 -> 1422.9813 | BA12: =AQ12+AG12+W12+M12 -> 17116.75 | BB12: =AR12+AH12+X12+N12 -> 2009.753 | BC12: =AZ12+BB12 -> 3432.7343
C13: 98923 | D13: Latto J. | E13: R166 - Composite Pipe Dev. | G13: 314.72064 | H13: 3800 | I13: 531.0045 | J13: =G13+I13 -> 845.72514 | L13: 282.53304 | M13: 3346.75 | N13: 533.92584 | O13: =L13+N13 -> 816.45888 | Q13: 424.87287 | R13: 5130 | S13: 531.0045 | T13: =Q13+S13 -> 955.87737 | V13: =W13*[1]FX!$K$4/1000 -> 306.43852 | W13: 3700 | X13: 560 | Y13: =V13+X13 -> 866.43852 | AA13: =(AB13*FX!$J$4)/1000 -> 331.28489 | AB13: 4000 | AC13: 570 | AD13: =AA13+AC13 -> 901.28489 | AF13: =(AG13*FX!$J$4)/1000 -> 503.55303 | AG13: 6080 | AH13: 476.18632 | AI13: =AF13+AH13 -> 979.73935 | AK13: =(AL13*FX!$J$4)/1000 -> 331.28489 | AL13: 4000 | AM13: 500 | AN13: =AK13+AM13 -> 831.28489 | AP13: =(AQ13*FX!$J$4)/1000 -> 330.45668 | AQ13: 3990 | AR13: 439.64086 | AS13: =AP13+AR13 -> 770.09754 | AU13: =G13+Q13+AA13+AK13 -> 1402.1633 | AV13: =H13+R13+AB13+AL13 -> 16930 | AW13: =I13+S13+AC13+AM13 -> 2132.009 | AX13: =AU13+AW13 -> 3534.1723 | AZ13: =AP13+AF13+V13+L13 -> 1422.9813 | BA13: =AQ13+AG13+W13+M13 -> 17116.75 | BB13: =AR13+AH13+X13+N13 -> 2009.753 | BC13: =AZ13+BB13 -> 3432.7343
C14: 98894 | D14: Clement R. | E14: R170 t-profile | G14: 19.264216 | H14: 232.6 | I14: 61.223825 | J14: =G14+I14 -> 80.488041 | L14: 272.46228 | M14: 3155 | N14: 70.86801 | O14: =L14+N14 -> 343.33029 | Q14: 26.006692 | R14: 3100 | S14: 61.223825 | T14: =Q14+S14 -> 87.230517 | V14: =W14*[1]FX!$K$4/1000 -> 207.05305 | W14: 2500 | X14: 61.223825 | Y14: =V14+X14 -> 268.27688 | AA14: =(AB14*FX!$J$4)/1000 -> 30.822746 | AB14: 372.16 | AC14: 61.223825 | AD14: =AA14+AC14 -> 92.046571 | AF14: =(AG14*FX!$J$4)/1000 -> 30.822746 | AG14: 372.16 | AH14: 61.223825 | AI14: =AF14+AH14 -> 92.046571 | AK14: =(AL14*FX!$J$4)/1000 -> 20.227427 | AL14: 244.23 | AM14: 61.223825 | AN14: =AK14+AM14 -> 81.451252 | AP14: =(AQ14*FX!$J$4)/1000 -> 20.227427 | AQ14: 244.23 | AR14: 61.223825 | AS14: =AP14+AR14 -> 81.451252 | AU14: =G14+Q14+AA14+AK14 -> 96.321081 | AV14: =H14+R14+AB14+AL14 -> 3948.99 | AW14: =I14+S14+AC14+AM14 -> 244.8953 | AX14: =AU14+AW14 -> 341.21638 | AZ14: =AP14+AF14+V14+L14 -> 530.56551 | BA14: =AQ14+AG14+W14+M14 -> 6271.39 | BB14: =AR14+AH14+X14+N14 -> 254.53948 | BC14: =AZ14+BB14 -> 785.105
C15: 98922 | D15: Rafi M. | E15: R165 Mid Temp Polymer CO | G15: 99.766444 | H15: 1204.6 | I15: 316.44944 | J15: =G15+I15 -> 416.21588 | L15: 106.57079 | M15: 1255.71 | N15: 294.45783 | O15: =L15+N15 -> 401.02863 | Q15: 134.6847 | R15: 1626.21 | S15: 615.20853 | T15: =Q15+S15 -> 749.89323 | V15: =W15*[1]FX!$K$4/1000 -> 140.79608 | W15: 1700 | X15: 140 | Y15: =V15+X15 -> 280.79608 | AA15: =(AB15*FX!$J$4)/1000 -> 159.62631 | AB15: 1927.36 | AC15: 304.57216 | AD15: =AA15+AC15 -> 464.19847 | AF15: =(AG15*FX!$J$4)/1000 -> 159.62631 | AG15: 1927.36 | AH15: =304.572164722385 -> 304.57216 | AI15: =AF15+AH15 -> 464.19847 | AK15: =(AL15*FX!$J$4)/1000 -> 104.75477 | AL15: 1264.83 | AM15: 258.89035 | AN15: =AK15+AM15 -> 363.64511 | AP15: =(AQ15*FX!$J$4)/1000 -> 104.75477 | AQ15: 1264.83 | AR15: =258.890346540567+345 -> 603.89035 | AS15: =AP15+AR15 -> 708.64511 | AU15: =G15+Q15+AA15+AK15 -> 498.83222 | AV15: =H15+R15+AB15+AL15 -> 6023 | AW15: =I15+S15+AC15+AM15 -> 1495.1205 | AX15: =AU15+AW15 -> 1993.9527 | AZ15: =AP15+AF15+V15+L15 -> 511.74795 | BA15: =AQ15+AG15+W15+M15 -> 6147.9 | BB15: =AR15+AH15+X15+N15 -> 1342.9203 | BC15: =AZ15+BB15 -> 1854.6683
C16: *** | D16: *** | E16: Future Project - Heated Line | G16: 9.9385466 | H16: 120 | I16: 2.1263382 | J16: =G16+I16 -> 12.064885 | L16: 0 | M16: 0 | N16: 0 | O16: =L16+N16 -> 0 | Q16: 13.417038 | R16: 162 | S16: 36.387702 | T16: =Q16+S16 -> 49.80474 | V16: 0 | W16: 0 | X16: 0 | Y16: =V16+X16 -> 0 | AA16: =(AB16*FX!$J$4)/1000 -> 15.901675 | AB16: 192 | AC16: 50.092247 | AD16: =AA16+AC16 -> 65.993922 | AF16: =(AG16*FX!$J$4)/1000 -> 15.901675 | AG16: 192 | AH16: 50.092247 | AI16: =AF16+AH16 -> 65.993922 | AK16: =(AL16*FX!$J$4)/1000 -> 10.435474 | AL16: 126 | AM16: 56.94452 | AN16: =AK16+AM16 -> 67.379994 | AP16: =(AQ16*FX!$J$4)/1000 -> 10.435474 | AQ16: 126 | AR16: 56.94452 | AS16: =AP16+AR16 -> 67.379994 | AU16: =G16+Q16+AA16+AK16 -> 49.692733 | AV16: =H16+R16+AB16+AL16 -> 600 | AW16: =I16+S16+AC16+AM16 -> 145.55081 | AX16: =AU16+AW16 -> 195.24354 | AZ16: =AP16+AF16+V16+L16 -> 26.337149 | BA16: =AQ16+AG16+W16+M16 -> 318 | BB16: =AR16+AH16+X16+N16 -> 107.03677 | BC16: =AZ16+BB16 -> 133.37392
C17: *** | D17: Geoff E. | E17: Maps (ROV, Wireless) | G17: 49.692733 | H17: 600 | I17: 50.069232 | J17: =G17+I17 -> 99.761965 | L17: 0 | M17: 0 | N17: 0 | O17: =L17+N17 -> 0 | Q17: 67.08519 | R17: 810 | S17: 50.069232 | T17: =Q17+S17 -> 117.15442 | V17: =W17*[1]FX!$K$4/1000 -> 67.08519 | W17: 810 | X17: 50.069232 | Y17: =V17+X17 -> 117.15442 | AA17: =(AB17*FX!$J$4)/1000 -> 79.508373 | AB17: 960 | AC17: 50.069232 | AD17: =AA17+AC17 -> 129.57761 | AF17: =(AG17*FX!$J$4)/1000 -> 79.508373 | AG17: 960 | AH17: 50.069232 | AI17: =AF17+AH17 -> 129.57761 | AK17: =(AL17*FX!$J$4)/1000 -> 52.17737 | AL17: 630 | AM17: 50.069232 | AN17: =AK17+AM17 -> 102.2466 | AP17: =(AQ17*FX!$J$4)/1000 -> 52.17737 | AQ17: 630 | AR17: 50.069232 | AS17: =AP17+AR17 -> 102.2466 | AU17: =G17+Q17+AA17+AK17 -> 248.46367 | AV17: =H17+R17+AB17+AL17 -> 3000 | AW17: =I17+S17+AC17+AM17 -> 200.27693 | AX17: =AU17+AW17 -> 448.74059 | AZ17: =AP17+AF17+V17+L17 -> 198.77093 | BA17: =AQ17+AG17+W17+M17 -> 2400 | BB17: =AR17+AH17+X17+N17 -> 150.2077 | BC17: =AZ17+BB17 -> 348.97863
C18: *** | D18: *** | E18: New Onshore Composite | G18: 9.9385466 | H18: 120 | I18: 47.808156 | J18: =G18+I18 -> 57.746703 | L18: 0 | M18: 0 | N18: 0 | O18: =L18+N18 -> 0 | Q18: 13.417038 | R18: 162 | S18: 47.808156 | T18: =Q18+S18 -> 61.225194 | V18: 0 | W18: 0 | X18: 0 | Y18: =V18+X18 -> 0 | AA18: =(AB18*FX!$J$4)/1000 -> 15.901675 | AB18: 192 | AC18: 47.808156 | AD18: =AA18+AC18 -> 63.709831 | AF18: =(AG18*FX!$J$4)/1000 -> 15.901675 | AG18: 192 | AH18: 47.808156 | AI18: =AF18+AH18 -> 63.709831 | AK18: =(AL18*FX!$J$4)/1000 -> 10.435474 | AL18: 126 | AM18: 47.808156 | AN18: =AK18+AM18 -> 58.24363 | AP18: =(AQ18*FX!$J$4)/1000 -> 10.435474 | AQ18: 126 | AR18: 47.808156 | AS18: =AP18+AR18 -> 58.24363 | AU18: =G18+Q18+AA18+AK18 -> 49.692733 | AV18: =H18+R18+AB18+AL18 -> 600 | AW18: =I18+S18+AC18+AM18 -> 191.23263 | AX18: =AU18+AW18 -> 240.92536 | AZ18: =AP18+AF18+V18+L18 -> 26.337149 | BA18: =AQ18+AG18+W18+M18 -> 318 | BB18: =AR18+AH18+X18+N18 -> 95.616313 | BC18: =AZ18+BB18 -> 121.95346
C19: 98928 | D19: Igor L. | E19: R174 - EndFitting Develop | G19: 17.709415 | H19: 184.536 | I19: 89.065581 | J19: =G19+I19 -> 106.775 | L19: 28.582498 | M19: 334.25 | N19: 247.04573 | O19: =L19+N19 -> 275.62823 | Q19: 0 | R19: 0 | S19: 0 | T19: =Q19+S19 -> 0 | V19: =W19*[1]FX!$K$4/1000 -> 60.459492 | W19: 730 | X19: 70 | Y19: =V19+X19 -> 130.45949 | AA19: =(AB19*FX!$J$4)/1000 -> 0 | AB19: 0 | AC19: 0 | AD19: =AA19+AC19 -> 0 | AF19: =(AG19*FX!$J$4)/1000 -> 0 | AG19: 0 | AH19: 0 | AI19: =AF19+AH19 -> 0 | AK19: =(AL19*FX!$J$4)/1000 -> 0 | AL19: 0 | AM19: 0 | AN19: =AK19+AM19 -> 0 | AP19: =(AQ19*FX!$J$4)/1000 -> 0 | AQ19: 0 | AR19: 0 | AS19: =AP19+AR19 -> 0 | AU19: =G19+Q19+AA19+AK19 -> 17.709415 | AV19: =H19+R19+AB19+AL19 -> 184.536 | AW19: =I19+S19+AC19+AM19 -> 89.065581 | AX19: =AU19+AW19 -> 106.775 | AZ19: =AP19+AF19+V19+L19 -> 89.04199 | BA19: =AQ19+AG19+W19+M19 -> 1064.25 | BB19: =AR19+AH19+X19+N19 -> 317.04573 | BC19: =AZ19+BB19 -> 406.08772
C20: 98920 | D20: Igor L. | E20: R161 - Deepwater Carcass | G20: 35.273728 | H20: 367.56 | I20: 64.323553 | J20: =G20+I20 -> 99.597281 | L20: 1.8620017 | M20: 21.75 | N20: 54.873366 | O20: =L20+N20 -> 56.735368 | Q20: 0 | R20: 0 | S20: 0 | T20: =Q20+S20 -> 0 | V20: =W20*[1]FX!$K$4/1000 -> 8.2821222 | W20: 100 | X20: 0 | Y20: =V20+X20 -> 8.2821222 | AA20: =(AB20*FX!$J$4)/1000 -> 0 | AB20: 0 | AC20: 0 | AD20: =AA20+AC20 -> 0 | AF20: =(AG20*FX!$J$4)/1000 -> 0 | AG20: 0 | AH20: 0 | AI20: =AF20+AH20 -> 0 | AK20: =(AL20*FX!$J$4)/1000 -> 0 | AL20: 0 | AM20: 0 | AN20: =AK20+AM20 -> 0 | AP20: =(AQ20*FX!$J$4)/1000 -> 0 | AQ20: 0 | AR20: 0 | AS20: =AP20+AR20 -> 0 | AU20: =G20+Q20+AA20+AK20 -> 35.273728 | AV20: =H20+R20+AB20+AL20 -> 367.56 | AW20: =I20+S20+AC20+AM20 -> 64.323553 | AX20: =AU20+AW20 -> 99.597281 | AZ20: =AP20+AF20+V20+L20 -> 10.144124 | BA20: =AQ20+AG20+W20+M20 -> 121.75 | BB20: =AR20+AH20+X20+N20 -> 54.873366 | BC20: =AZ20+BB20 -> 65.01749
C21: 121703 | D21: Meier M. | E21: CO New Collapse Design | J21: =G21+I21 -> 0 | L21: 0 | M21: 0 | N21: 0 | O21: =L21+N21 -> 0 | Q21: 0 | R21: 0 | S21: 0 | T21: =Q21+S21 -> 0 | V21: =W21*[1]FX!$K$4/1000 -> 89.44692 | W21: 1080 | X21: 0 | Y21: =V21+X21 -> 89.44692 | AA21: =(AB21*FX!$J$4)/1000 -> 0 | AB21: 0 | AC21: 0 | AD21: =AA21+AC21 -> 0 | AF21: =(AG21*FX!$J$4)/1000 -> 0 | AG21: 0 | AH21: 240 | AI21: =AF21+AH21 -> 240 | AK21: =(AL21*FX!$J$4)/1000 -> 0 | AL21: 0 | AM21: 0 | AN21: =AK21+AM21 -> 0 | AP21: =(AQ21*FX!$J$4)/1000 -> 0 | AQ21: 0 | AR21: 40 | AS21: =AP21+AR21 -> 40 | AU21: =G21+Q21+AA21+AK21 -> 0 | AV21: =H21+R21+AB21+AL21 -> 0 | AW21: =I21+S21+AC21+AM21 -> 0 | AX21: =AU21+AW21 -> 0 | AZ21: =AP21+AF21+V21+L21 -> 89.44692 | BA21: =AQ21+AG21+W21+M21 -> 1080 | BB21: =AR21+AH21+X21+N21 -> 280 | BC21: =AZ21+BB21 -> 369.44692
C22: 121704 | D22: Meier M. | E22: CO Bend Restrictors Standard | J22: =G22+I22 -> 0 | L22: 0 | M22: 0 | N22: 0 | O22: =L22+N22 -> 0 | Q22: 0 | R22: 0 | S22: 0 | T22: =Q22+S22 -> 0 | V22: =W22*[1]FX!$K$4/1000 -> 64.600553 | W22: 780 | X22: 0 | Y22: =V22+X22 -> 64.600553 | AA22: =(AB22*FX!$J$4)/1000 -> 0 | AB22: 0 | AC22: 0 | AD22: =AA22+AC22 -> 0 | AF22: =(AG22*FX!$J$4)/1000 -> 0 | AG22: 0 | AH22: 0 | AI22: =AF22+AH22 -> 0 | AK22: =(AL22*FX!$J$4)/1000 -> 0 | AL22: 0 | AM22: 0 | AN22: =AK22+AM22 -> 0 | AP22: =(AQ22*FX!$J$4)/1000 -> 0 | AQ22: 0 | AR22: 0 | AS22: =AP22+AR22 -> 0 | AU22: =G22+Q22+AA22+AK22 -> 0 | AV22: =H22+R22+AB22+AL22 -> 0 | AW22: =I22+S22+AC22+AM22 -> 0 | AX22: =AU22+AW22 -> 0 | AZ22: =AP22+AF22+V22+L22 -> 64.600553 | BA22: =AQ22+AG22+W22+M22 -> 780 | BB22: =AR22+AH22+X22+N22 -> 0 | BC22: =AZ22+BB22 -> 64.600553
C23: 121705 | D23: Meier M. | E23: CO Polymer Layers Opt | J23: =G23+I23 -> 0 | L23: 0 | M23: 0 | N23: 0 | O23: =L23+N23 -> 0 | Q23: 0 | R23: 0 | S23: 0 | T23: =Q23+S23 -> 0 | V23: =W23*[1]FX!$K$4/1000 -> 33.128489 | W23: 400 | X23: 0 | Y23: =V23+X23 -> 33.128489 | AA23: =(AB23*FX!$J$4)/1000 -> 0 | AB23: 0 | AC23: 0 | AD23: =AA23+AC23 -> 0 | AF23: =(AG23*FX!$J$4)/1000 -> 0 | AG23: 0 | AH23: 0 | AI23: =AF23+AH23 -> 0 | AK23: =(AL23*FX!$J$4)/1000 -> 0 | AL23: 0 | AM23: 0 | AN23: =AK23+AM23 -> 0 | AP23: =(AQ23*FX!$J$4)/1000 -> 0 | AQ23: 0 | AR23: 0 | AS23: =AP23+AR23 -> 0 | AU23: =G23+Q23+AA23+AK23 -> 0 | AV23: =H23+R23+AB23+AL23 -> 0 | AW23: =I23+S23+AC23+AM23 -> 0 | AX23: =AU23+AW23 -> 0 | AZ23: =AP23+AF23+V23+L23 -> 33.128489 | BA23: =AQ23+AG23+W23+M23 -> 400 | BB23: =AR23+AH23+X23+N23 -> 0 | BC23: =AZ23+BB23 -> 33.128489
C24: 122241 | D24: *** | E24: CO2 SCC | Q24: 0 | R24: 0 | S24: 0 | T24: =Q24+S24 -> 0 | V24: =W24*[1]FX!$K$4/1000 -> 33.128489 | W24: 400 | X24: 0 | Y24: =V24+X24 -> 33.128489 | AA24: =(AB24*FX!$J$4)/1000 -> 0 | AB24: 0 | AC24: 0 | AD24: =AA24+AC24 -> 0 | AF24: =(AG24*FX!$J$4)/1000 -> 0 | AG24: 0 | AH24: 0 | AI24: =AF24+AH24 -> 0 | AK24: =(AL24*FX!$J$4)/1000 -> 0 | AL24: 0 | AM24: 0 | AN24: =AK24+AM24 -> 0 | AP24: =(AQ24*FX!$J$4)/1000 -> 0 | AQ24: 0 | AR24: 0 | AS24: =AP24+AR24 -> 0 | AU24: =AA24+AK24+Q24+G24 -> 0 | AV24: =AL24+AB24+R24+H24 -> 0 | AW24: =AM24+AC24+S24+I24 -> 0 | AX24: =AU24+AW24 -> 0 | AZ24: =AP24+AF24+V24+L24 -> 33.128489 | BA24: =AQ24+AG24+W24+M24 -> 400 | BB24: =AR24+AH24+X24+N24 -> 0 | BC24: =AZ24+BB24 -> 33.128489
C25: TOTAL ROW | G25: =SUM(G6:G23) -> 1186.3038 | H25: =SUM(H6:H23) -> 14236.036 | I25: =SUM(I6:I23) -> 2428.0922 | J25: =SUM(J6:J23) -> 3614.396 | L25: =SUM(L6:L23) -> 1413.0445 | M25: =SUM(M6:M23) -> 17615.56 | N25: =SUM(N6:N23) -> 2343.5089 | O25: =SUM(O6:O23) -> 3756.5534 | Q25: =SUM(Q6:Q23) -> 1529.9829 | R25: =SUM(R6:R23) -> 21259.309 | S25: =SUM(S6:S23) -> 2808.6882 | T25: =SUM(T6:T23) -> 4338.671 | V25: =SUM(V6:V24) -> 1762.641 | W25: =SUM(W6:W24) -> 21282.48 | X25: =SUM(X6:X24) -> 1734.7231 | Y25: =SUM(Y6:Y24) -> 3497.3641 | AA25: =SUM(AA6:AA23) -> 1641.0449 | AB25: =SUM(AB6:AB23) -> 19814.304 | AC25: =SUM(AC6:AC23) -> 2245.1759 | AD25: =SUM(AD6:AD23) -> 3886.2207 | AF25: =SUM(AF6:AF24) -> 1813.313 | AG25: =SUM(AG6:AG24) -> 21894.304 | AH25: =SUM(AH6:AH24) -> 2346.3622 | AI25: =SUM(AI6:AI24) -> 4159.6752 | AK25: =SUM(AK6:AK23) -> 1190.8149 | AL25: =SUM(AL6:AL23) -> 14378.137 | AM25: =SUM(AM6:AM23) -> 1717.2918 | AN25: =SUM(AN6:AN23) -> 2908.1067 | AP25: =SUM(AP6:AP24) -> 1189.9867 | AQ25: =SUM(AQ6:AQ24) -> 14368.137 | AR25: =SUM(AR6:AR24) -> 2041.9326 | AS25: =SUM(AS6:AS24) -> 3231.9193 | AU25: =SUM(AU6:AU23) -> 5548.1464 | AV25: =SUM(AV6:AV23) -> 69687.786 | AW25: =SUM(AW6:AW23) -> 9199.2481 | AX25: =SUM(AX6:AX23) -> 14747.394 | AZ25: =SUM(AZ6:AZ24) -> 6178.9851 | BA25: =SUM(BA6:BA24) -> 75160.481 | BB25: =SUM(BB6:BB24) -> 8466.5268 | BC25: =SUM(BC6:BC24) -> 14645.512
B27: BRAZIL | C27: 119750 | D27: Igor L. | E27: R174 - EndFitting Develop | G27: 11.806277 | H27: 123.024 | I27: 59.377054 | J27: =G27+I27 -> 71.183331 | L27: 1.1170228 | M27: 10 | N27: 0 | O27: =L27+N27 -> 1.1170228 | Q27: 39.846185 | R27: 415.206 | S27: 36.842412 | T27: =Q27+S27 -> 76.688597 | V27: =W27*[1]FX!$K$5/1000 -> 8.9059768 | W27: 90 | X27: 0 | Y27: =V27+X27 -> 8.9059768 | AA27: =(AB27*FX!$J$5)/1000 -> 48.695506 | AB27: 492.096 | AC27: 36.842412 | AD27: =AA27+AC27 -> 85.537918 | AF27: =(AG27*FX!$J$5)/1000 -> 48.695506 | AG27: 492.096 | AH27: 36.842412 | AI27: =AF27+AH27 -> 85.537918 | AK27: =(AL27*FX!$J$5)/1000 -> 31.956426 | AL27: 322.938 | AM27: 36.842412 | AN27: =AK27+AM27 -> 68.798838 | AP27: =(AQ27*FX!$J$5)/1000 -> 31.956426 | AQ27: 322.938 | AR27: 36.842412 | AS27: =AP27+AR27 -> 68.798838 | AU27: =G27+Q27+AA27+AK27 -> 132.30439 | AV27: =H27+R27+AB27+AL27 -> 1353.264 | AW27: =I27+S27+AC27+AM27 -> 169.90429 | AX27: =AU27+AW27 -> 302.20868 | AZ27: =AP27+AF27+V27+L27 -> 90.674932 | BA27: =AQ27+AG27+W27+M27 -> 915.034 | BB27: =AR27+AH27+X27+N27 -> 73.684824 | BC27: =AZ27+BB27 -> 164.35976
C28: 119748 | D28: Igor L. | E28: R163 - Mid Sour Wires | G28: =H28*[2]FX!$K$5/1000 -> 27.173125 | H28: 274.6 | I28: 118.28923 | J28: =G28+I28 -> 145.46235 | L28: 4.3434745 | M28: 103 | N28: 0 | O28: =L28+N28 -> 4.3434745 | Q28: 35.576025 | R28: 370.71 | S28: 62.489115 | T28: =Q28+S28 -> 98.06514 | V28: =W28*[1]FX!$K$5/1000 -> 19.79106 | W28: 200 | X28: 62.489115 | Y28: =V28+X28 -> 82.280174 | AA28: =(AB28*FX!$J$5)/1000 -> 43.477 | AB28: 439.36 | AC28: 33.480067 | AD28: =AA28+AC28 -> 76.957067 | AF28: =(AG28*FX!$J$5)/1000 -> 43.477 | AG28: 439.36 | AH28: 33.480067 | AI28: =AF28+AH28 -> 76.957067 | AK28: =(AL28*FX!$J$5)/1000 -> 28.531781 | AL28: 288.33 | AM28: 0 | AN28: =AK28+AM28 -> 28.531781 | AP28: =(AQ28*FX!$J$5)/1000 -> 28.531781 | AQ28: 288.33 | AR28: 0 | AS28: =AP28+AR28 -> 28.531781 | AU28: =G28+Q28+AA28+AK28 -> 134.75793 | AV28: =H28+R28+AB28+AL28 -> 1373 | AW28: =I28+S28+AC28+AM28 -> 214.25841 | AX28: =AU28+AW28 -> 349.01634 | AZ28: =AP28+AF28+V28+L28 -> 96.143315 | BA28: =AQ28+AG28+W28+M28 -> 1030.69 | BB28: =AR28+AH28+X28+N28 -> 95.969182 | BC28: =AZ28+BB28 -> 192.1125
C29: 119747 | D29: Igor L. | E29: R161 - Deepwater Carcass | G29: 23.515819 | H29: 245.04 | I29: 42.882369 | J29: =G29+I29 -> 66.398187 | L29: 29.084745 | M29: 521.75 | N29: 22.31718 | O29: =L29+N29 -> 51.401925 | Q29: 79.365889 | R29: 827.01 | S29: 107.20592 | T29: =Q29+S29 -> 186.57181 | V29: =W29*[1]FX!$K$5/1000 -> 11.874636 | W29: 120 | X29: 107.20592 | Y29: =V29+X29 -> 119.08056 | AA29: =(AB29*FX!$J$5)/1000 -> 96.992025 | AB29: 980.16 | AC29: 107.20592 | AD29: =AA29+AC29 -> 204.19795 | AF29: =(AG29*FX!$J$5)/1000 -> 96.992025 | AG29: 980.16 | AH29: 107.20592 | AI29: =AF29+AH29 -> 204.19795 | AK29: =(AL29*FX!$J$5)/1000 -> 63.651016 | AL29: 643.23 | AM29: 107.20592 | AN29: =AK29+AM29 -> 170.85694 | AP29: =(AQ29*FX!$J$5)/1000 -> 63.651016 | AQ29: 643.23 | AR29: 107.20592 | AS29: =AP29+AR29 -> 170.85694 | AU29: =G29+Q29+AA29+AK29 -> 263.52475 | AV29: =H29+R29+AB29+AL29 -> 2695.44 | AW29: =I29+S29+AC29+AM29 -> 364.50013 | AX29: =AU29+AW29 -> 628.02488 | AZ29: =AP29+AF29+V29+L29 -> 201.60242 | BA29: =AQ29+AG29+W29+M29 -> 2265.14 | BB29: =AR29+AH29+X29+N29 -> 343.93494 | BC29: =AZ29+BB29 -> 545.53737
C30: 119749 | D30: Igor L. | E30: R166 - Composite Pipe Dev. | G30: 0 | H30: 0 | I30: 0 | J30: =G30+I30 -> 0 | L30: 1.9284403 | M30: 0 | N30: 0 | O30: =L30+N30 -> 1.9284403 | Q30: 0 | R30: 0 | S30: 0 | T30: =Q30+S30 -> 0 | V30: =W30*[1]FX!$K$5/1000 -> 16.822401 | W30: 170 | X30: 0 | Y30: =V30+X30 -> 16.822401 | AA30: =(AB30*FX!$J$5)/1000 -> 0 | AB30: 0 | AC30: 0 | AD30: =AA30+AC30 -> 0 | AF30: =(AG30*FX!$J$5)/1000 -> 0 | AG30: 0 | AH30: 0 | AI30: =AF30+AH30 -> 0 | AK30: =(AL30*FX!$J$5)/1000 -> 0 | AL30: 0 | AM30: 0 | AN30: =AK30+AM30 -> 0 | AP30: =(AQ30*FX!$J$5)/1000 -> 0 | AQ30: 0 | AR30: 0 | AS30: =AP30+AR30 -> 0 | AU30: =G30+Q30+AA30+AK30 -> 0 | AV30: =H30+R30+AB30+AL30 -> 0 | AW30: =I30+S30+AC30+AM30 -> 0 | AX30: =AU30+AW30 -> 0 | AZ30: =AP30+AF30+V30+L30 -> 18.750841 | BA30: =AQ30+AG30+W30+M30 -> 170 | BB30: =AR30+AH30+X30+N30 -> 0 | BC30: =AZ30+BB30 -> 18.750841
C31: 121131 | D31: Igor L. | E31: R180 - HPLD DW | G31: 0 | H31: 0 | I31: 0 | J31: =G31+I31 -> 0 | L31: 6.4427439 | M31: 0 | N31: 0 | O31: =L31+N31 -> 6.4427439 | Q31: 0 | R31: 0 | S31: 0 | T31: =Q31+S31 -> 0 | V31: =W31*[1]FX!$K$5/1000 -> 32.655248 | W31: 330 | X31: 0 | Y31: =V31+X31 -> 32.655248 | AA31: =(AB31*FX!$J$5)/1000 -> 0 | AB31: 0 | AC31: 0 | AD31: =AA31+AC31 -> 0 | AF31: =(AG31*FX!$J$5)/1000 -> 0 | AG31: 0 | AH31: 0 | AI31: =AF31+AH31 -> 0 | AK31: =(AL31*FX!$J$5)/1000 -> 0 | AL31: 0 | AM31: 0 | AN31: =AK31+AM31 -> 0 | AP31: =(AQ31*FX!$J$5)/1000 -> 0 | AQ31: 0 | AR31: 0 | AS31: =AP31+AR31 -> 0 | AU31: =G31+Q31+AA31+AK31 -> 0 | AV31: =H31+R31+AB31+AL31 -> 0 | AW31: =I31+S31+AC31+AM31 -> 0 | AX31: =AU31+AW31 -> 0 | AZ31: =AP31+AF31+V31+L31 -> 39.097992 | BA31: =AQ31+AG31+W31+M31 -> 330 | BB31: =AR31+AH31+X31+N31 -> 0 | BC31: =AZ31+BB31 -> 39.097992
C32: 121133 | D32: Igor L. | E32: R165 Mid Temp Polymer CO | G32: 0 | H32: 0 | I32: 0 | J32: =G32+I32 -> 0 | L32: 2.6735196 | M32: 0 | N32: 0 | O32: =L32+N32 -> 2.6735196 | Q32: 0 | R32: 0 | S32: 0 | T32: =Q32+S32 -> 0 | V32: =W32*[1]FX!$K$5/1000 -> 16.822401 | W32: 170 | X32: 0 | Y32: =V32+X32 -> 16.822401 | AA32: =(AB32*FX!$J$5)/1000 -> 0 | AB32: 0 | AC32: 0 | AD32: =AA32+AC32 -> 0 | AF32: =(AG32*FX!$J$5)/1000 -> 0 | AG32: 0 | AH32: 0 | AI32: =AF32+AH32 -> 0 | AK32: =(AL32*FX!$J$5)/1000 -> 0 | AL32: 0 | AM32: 0 | AN32: =AK32+AM32 -> 0 | AP32: =(AQ32*FX!$J$5)/1000 -> 0 | AQ32: 0 | AR32: 0 | AS32: =AP32+AR32 -> 0 | AU32: =G32+Q32+AA32+AK32 -> 0 | AV32: =H32+R32+AB32+AL32 -> 0 | AW32: =I32+S32+AC32+AM32 -> 0 | AX32: =AU32+AW32 -> 0 | AZ32: =AP32+AF32+V32+L32 -> 19.49592 | BA32: =AQ32+AG32+W32+M32 -> 170 | BB32: =AR32+AH32+X32+N32 -> 0 | BC32: =AZ32+BB32 -> 19.49592
C33: TOTAL BRAZIL | G33: =SUM(G27:G32) -> 62.495221 | H33: =SUM(H27:H32) -> 642.664 | I33: =SUM(I27:I32) -> 220.54865 | J33: =SUM(J27:J32) -> 283.04387 | L33: =SUM(L27:L32) -> 45.589946 | M33: =SUM(M27:M32) -> 634.75 | N33: =SUM(N27:N32) -> 22.31718 | O33: =SUM(O27:O32) -> 67.907126 | Q33: =SUM(Q27:Q32) -> 154.7881 | R33: =SUM(R27:R32) -> 1612.926 | S33: =SUM(S27:S32) -> 206.53745 | T33: =SUM(T27:T32) -> 361.32555 | V33: =SUM(V27:V32) -> 106.87172 | W33: =SUM(W27:W32) -> 1080 | X33: =SUM(X27:X32) -> 169.69504 | Y33: =SUM(Y27:Y32) -> 276.56676 | AA33: =SUM(AA27:AA32) -> 189.16453 | AB33: =SUM(AB27:AB32) -> 1911.616 | AC33: =SUM(AC27:AC32) -> 177.5284 | AD33: =SUM(AD27:AD32) -> 366.69293 | AF33: =SUM(AF27:AF32) -> 189.16453 | AG33: =SUM(AG27:AG32) -> 1911.616 | AH33: =SUM(AH27:AH32) -> 177.5284 | AI33: =SUM(AI27:AI32) -> 366.69293 | AK33: =SUM(AK27:AK32) -> 124.13922 | AL33: =SUM(AL27:AL32) -> 1254.498 | AM33: =SUM(AM27:AM32) -> 144.04833 | AN33: =SUM(AN27:AN32) -> 268.18756 | AP33: =SUM(AP27:AP32) -> 124.13922 | AQ33: =SUM(AQ27:AQ32) -> 1254.498 | AR33: =SUM(AR27:AR32) -> 144.04833 | AS33: =SUM(AS27:AS32) -> 268.18756 | AU33: =SUM(AU27:AU32) -> 530.58707 | AV33: =SUM(AV27:AV32) -> 5421.704 | AW33: =SUM(AW27:AW32) -> 748.66283 | AX33: =SUM(AX27:AX32) -> 1279.2499 | AZ33: =SUM(AZ27:AZ32) -> 465.76542 | BA33: =SUM(BA27:BA32) -> 4880.864 | BB33: =SUM(BB27:BB32) -> 513.58895 | BC33: =SUM(BC27:BC32) -> 979.35437
C35: Grand Total | G35: =+G33+G25 -> 1248.799 | H35: =+H33+H25 -> 14878.7 | I35: =+I33+I25 -> 2648.6409 | J35: =+J33+J25 -> 3897.4399 | L35: =+L33+L25 -> 1458.6344 | M35: =+M33+M25 -> 18250.31 | N35: =+N33+N25 -> 2365.8261 | O35: =+O33+O25 -> 3824.4605 | Q35: =+Q33+Q25 -> 1684.771 | R35: =+R33+R25 -> 22872.235 | S35: =+S33+S25 -> 3015.2256 | T35: =+T33+T25 -> 4699.9966 | V35: =+V33+V25 -> 1869.5127 | W35: =+W33+W25 -> 22362.48 | X35: =+X33+X25 -> 1904.4181 | Y35: =X35+V35 -> 3773.9308 | AA35: =+AA33+AA25 -> 1830.2094 | AB35: =+AB33+AB25 -> 21725.92 | AC35: =+AC33+AC25 -> 2422.7043 | AD35: =+AD33+AD25 -> 4252.9137 | AF35: =+AF33+AF25 -> 2002.4775 | AG35: =+AG33+AG25 -> 23805.92 | AH35: =+AH33+AH25 -> 2523.8906 | AI35: =+AI33+AI25 -> 4526.3681 | AK35: =+AK33+AK25 -> 1314.9541 | AL35: =+AL33+AL25 -> 15632.635 | AM35: =+AM33+AM25 -> 1861.3401 | AN35: =+AN33+AN25 -> 3176.2942 | AP35: =+AP33+AP25 -> 1314.1259 | AQ35: =+AQ33+AQ25 -> 15622.635 | AR35: =+AR33+AR25 -> 2185.981 | AS35: =+AS33+AS25 -> 3500.1069 | AU35: =+AU33+AU25 -> 6078.7334 | AV35: =+AV33+AV25 -> 75109.49 | AW35: =+AW33+AW25 -> 9947.9109 | AX35: =+AX33+AX25 -> 16026.644 | AZ35: =+AZ33+AZ25 -> 6644.7506 | BA35: =+BA33+BA25 -> 80041.345 | BB35: =+BB33+BB25 -> 8980.1158 | BC35: =+BC33+BC25 -> 15624.866

Sheet FX
B3: FX USD | C3: 2017 LE | D3: 2017 OP | G3: OCPH $ | H3: 2016 | I3: 2017 £ | J3: 2017 $
B4: GBP | C4: 1.32 | D4: 1.206 | G4: Tech UK | H4: 106.2 | I4: =68.6743133510816 -> 68.674313 | J4: =I4*$D$4 -> 82.821222
B5: BRL | C5: 3.6 | D5: 3.2258 | G5: Tech BRL | H5: 77 | I5: 319.21 | J5: =I5/$D$5 -> 98.955298
G6: ENG UK | H6: 86.94276 | I6: =58.3851189928669 -> 58.385119 | J6: =I6*$D$4 -> 70.412454
G7: ENG BRL | H7: 35.820861 | I7: 152.31 | J7: =I7/$D$5 -> 47.216194
B11: 2017
C14: MOR | G14: 2017 Average
B16: JAN | C16: USD | D16: GBP | E16: 1.23273 | G16: =(E16+E19+E22)/3 -> 1.2374089 | H16: Q1
C17: BRL | D17: USD | E17: 3.3451865 | G17: =(E17+E20+E23)/3 -> 3.2076626
B19: FEB | C19: USD | D19: GBP | E19: 1.2300513
C20: BRL | D20: USD | E20: 3.2204083
B22: MAR | C22: USD | D22: GBP | E22: 1.2494455
C23: BRL | D23: USD | E23: 3.057393
B26: APR | C26: USD | D26: GBP | E26: 1.250546 | G26: =(E26+E29+E32)/3 -> 0.843691 | H26: Q2
C27: BRL | D27: USD | E27: 3.1296553 | G27: =(E27+E30+E33)/3 -> 2.0929289
B29: MAY | C29: USD | D29: GBP | E29: 1.280527
C30: BRL | D30: USD | E30: 3.1491313
B32: JUN | C32: USD | D32: GBP | E32: 0
C33: BRL | D33: USD | E33: 0
B36: JUL | C36: USD | D36: GBP | E36: 0 | G36: =(E36+E39+E42)/3 -> 0 | H36: Q3
C37: BRL | D37: USD | E37: 0 | G37: =(E37+E40+E43)/3 -> 0
B39: AUG | C39: USD | D39: GBP | E39: 0
C40: BRL | D40: USD | E40: 0
B42: SEP | C42: USD | D42: GBP | E42: 0
C43: BRL | D43: USD | E43: 0
B46: OCT | C46: USD | D46: GBP | E46: 0 | G46: =(E46+E49+E52)/3 -> 0 | H46: Q4
C47: BRL | D47: USD | E47: 0 | G47: =(E47+E50+E53)/3 -> 0
B49: NOV | C49: USD | D49: GBP | E49: 0
C50: BRL | D50: USD | E50: 0
B52: DEC | C52: USD | D52: GBP | E52: 0
C53: BRL | D53: USD | E53: 0
